ID,Tunnel_Number,Tunnel_Name,State_Code,Route_Type,Latitude,Longitude,Year_Built,Year_Rehabilitated,Lanes,AADT,AADTT,"Detour Length",Toll,NHS,STRAHNET,Class,Length,Under_Nav_Water,Number_Bores,Tunnel_Shape,Ground_Conditions,Condition
1,53C1210,"Hope Street Tunnel",California,"City Street",34.0483,-118.257,1972,0,4,9000,90,0,0,0,1,"Minor Arterial",75,0,1,Oval,Soil,2
2,1113,"12th St SW Tunnel at Southwest Fwy","District of Columbia","City Street",38.8828,-77.0281,1959,0,4,10500,210,1,0,1,0,"Minor Arterial",295,0,1,Oval,Soil,2
3,IN2MARION000001,"South Capitol Avenue under CSX RR and Other Items",Indiana,"City Street",39.7629,86.1619,1888,1984,4,11322,566,1,0,0,0,"Minor Arterial",353,0,1,Oval,Soil,13
4,IN2MARION000002,"Illinois Street under CSX RR and Other Items",Indiana,"City Street",39.762,86.1601,1888,1984,4,16130,806,1,0,0,0,"Minor Arterial",310,0,1,Oval,Soil,4
5,IN2MARION000003,"Meridian Street under CSX RR and Other Items",Indiana,"City Street",39.762,86.1583,1888,1984,4,9442,472,1,0,0,0,"Minor Arterial",276,0,1,Oval,Soil,15
6,IN2MARION000005,"East Street under CSX RR and Heliport",Indiana,"City Street",39.766,86.1491,1888,0,4,7155,357,1,0,0,0,"Minor Arterial",375,0,1,Oval,Soil,12
7,50008,"HOLLAND AIRPORT",Michigan,"City Street",42.7416,-86.1174,2003,0,2,22030,334,5,0,0,0,"Minor Arterial",986,0,1,Oval,Soil,5
8,33TU0355601,"Wilcox Tunnel",Tennessee,"City Street",36.0517,-84.2538,1930,2015,2,14360,287,999,0,0,0,"Minor Arterial",21,0,1,Oval,Soil,6
9,180570P00225001,"Addison Airport Toll Tunnel",Texas,"City Street",32.969,-96.8387,1999,0,2,6275,55,3,1,0,0,"Minor Arterial",1650,0,1,Oval,Soil,6
10,33TUSR00803,"Stringers Ridge Tunnel",Tennessee,"U.S. Numbered Highway",35.0732,85.3188,1910,1958,2,13910,2504,4,0,0,0,"Minor Arterial",300,0,1,Oval,Soil,5
11,3500C10,"Atlantic City Expressway Connector Tunnel","New Jersey","State Highway",39.3701,-74.4451,2001,0,4,24590,984,2,0,0,0,"Minor Arterial",1906,0,1,Oval,Soil,10
12,53C0202,"Spring Street Tunnel",California,"City Street",33.8117,-118.144,1978,0,2,26288,525,1,0,0,0,Local,1096,0,2,Oval,Soil,8
13,"54 0915","Mathews Ranch Rd Tunnel",California,"City Street",34.246,-117.436,1969,0,1,122000,18300,5,0,1,1,Local,282,0,1,Oval,Soil,0
14,"55 0840L","Disney Way West Bound Tunnel 1",California,"City Street",33.8056,-117.906,2000,0,2,5000,100,1,0,0,0,Local,265,0,1,Oval,Soil,0
15,"55 0840R","Disney Way West Bound Tunnel 2",California,"City Street",33.8056,-117.905,2000,0,2,5000,100,1,0,0,0,Local,213,0,1,Oval,Soil,1
16,55C0497,"Salt Creek Service Road Tunnel",California,"City Street",33.5058,-117.708,1979,0,1,17900,537,1,0,0,0,Local,177,0,1,Oval,Soil,1
17,D-01-CC-185,"Speer Blvd",Colorado,"City Street",39.7268,-104.988,1995,0,3,24609,1230,1,0,0,0,Local,710,0,1,Oval,Soil,6
18,50007,"COBO HALL",Michigan,"City Street",42.3279,-83.0489,1960,1987,3,9833,246,1,0,0,0,Local,816,0,1,Oval,Soil,12
19,"28 0257","Bay Point L&R Tunnels",California,"Federal Lands Road",38.0121,-122.006,1976,0,2,14600,1022,0,0,1,1,Local,649,0,2,Oval,Soil,2
20,B16T40SLTMBT000,"SILVER LINE TUNNEL",Massachusetts,Other,42.3477,-71.0409,2004,0,2,261,260,999,0,0,0,Local,6233,1,1,Oval,Soil,7
21,C01T41HSTMBT000,"HARVARD SQUARE TUNNEL",Massachusetts,Other,42.376,-71.1192,1927,1948,2,1421,1420,999,0,0,0,Local,2904,0,1,Oval,Soil,9
22,50002,"TAXIWAY F",Michigan,Other,42.2317,-83.3498,1997,0,9,27100,200,9,0,1,0,Local,268,0,1,Oval,Soil,0
23,50003,"RUNWAY 9, TAXIWAY J AND T",Michigan,Other,42.2002,-83.5396,1991,0,7,27100,200,9,0,1,0,Local,1528,0,1,Oval,Soil,8
24,50004,"RUNWAY 9, TAXIWAY V",Michigan,Other,42.2178,-83.3468,1997,0,8,27100,200,9,0,1,0,Local,895,0,1,Oval,Soil,6
25,44C0064,"Custom House Tunnel",California,"City Street",36.6022,-121.893,1968,0,4,1420,284,1,0,0,0,"Principal Arterial - Other",1000,0,2,Oval,Soil,2
26,53C0477,"Sherman Way Tunnel",California,"City Street",34.2012,-118.491,1958,0,6,45065,901,1,0,1,0,"Principal Arterial - Other",728,0,1,Oval,Soil,1
27,53C1771,"City Hall E Tunnel",California,"City Street",34.0522,-118.242,1971,0,4,17000,340,1,0,1,0,"Principal Arterial - Other",48,0,1,Oval,Soil,0
28,100,"Scott Circle Tunnel","District of Columbia","City Street",38.4542,-77.0365,1941,2005,4,12700,380,1,0,1,0,"Principal Arterial - Other",221,0,2,Oval,Soil,3
29,101,"DuPont Circle Roadway Tunnel","District of Columbia","City Street",38.901,-77.0439,1950,0,4,24500,735,1,0,1,0,"Principal Arterial - Other",579,0,2,Oval,Soil,1
30,102,"Washington Circle Tunnel","District of Columbia","City Street",38.9022,-77.0483,1960,0,4,41500,415,1,0,1,0,"Principal Arterial - Other",519,0,2,Oval,Soil,2
31,99,"Thomas Circle Tunnel","District of Columbia","City Street",38.9058,-77.0325,1940,2005,4,53000,1060,1,0,1,0,"Principal Arterial - Other",415,0,2,Oval,Soil,2
32,IN2MARION000004,"Pennsylvania Street under CSX RR and Other Items",Indiana,"City Street",39.7631,86.1564,1888,0,4,10927,546,1,0,1,0,"Principal Arterial - Other",290,0,1,Oval,Soil,15
33,121020AA9960001,"Washburn Tunnel",Texas,"City Street",29.7223,-95.2117,1950,0,2,20000,0,3,0,1,0,"Principal Arterial - Other",2936,1,1,Oval,Soil,10
34,860003,"Henry E. Kinney Tunnel",Florida,"U.S. Numbered Highway",26.1169,-80.1372,1960,0,4,44500,1335,3,0,1,0,"Principal Arterial - Other",864,1,1,Oval,Soil,7
35,100000,"LINDBERGH BOUELVARD US 67 RUNWAY TUNNEL",Missouri,"U.S. Numbered Highway",38.7559,-90.3958,2006,0,4,20327,1016,4,0,1,0,"Principal Arterial - Other",1420,0,1,Oval,Soil,7
36,19TUSR00101,"NASHVILLE INTERNATIONALAIRPORT RUNWAY TUNNEL",Tennessee,"U.S. Numbered Highway",36.1114,86.6858,1996,1997,6,30550,3666,1,0,1,0,"Principal Arterial - Other",1016,0,1,Oval,Soil,7
37,33TUSR00801,"BACHMAN TUNNEL (LEFT BORE)",Tennessee,"U.S. Numbered Highway",35.0094,85.2711,1929,1969,1,17610,352,1,0,1,0,"Principal Arterial - Other",1034,0,1,Oval,Soil,4
38,33TUSR00802,"BACHMAN TUNNEL (RIGHT BORE)",Tennessee,"U.S. Numbered Highway",35.0092,85.2711,1929,1969,1,17610,352,1,0,1,0,"Principal Arterial - Other",1034,0,1,Oval,Soil,4
39,"53 0008","McClure Tunnel",California,"Interstate Highway",34.0115,-118.495,1935,0,4,59000,1770,1,0,1,0,"Principal Arterial - Other",400,0,1,Oval,Soil,1
40,"17 0016","Donner Creek Tunnel",California,"State Highway",39.3178,-120.206,1929,0,2,18400,920,1,0,0,0,"Principal Arterial - Other",75,0,1,Oval,Soil,2
41,"33 0106L","Webster Street Tube (SR 260 SB)",California,"State Highway",37.7881,-122.278,1963,0,2,55000,1650,6,0,1,0,"Principal Arterial - Other",3350,1,1,Oval,Soil,14
42,"33 0106R","Posey Tube (SR 260 NB)",California,"State Highway",37.7874,-122.277,1927,1964,2,47500,950,6,0,1,1,"Principal Arterial - Other",3545,1,1,Oval,Soil,12
43,53C2270,"Lakewood Blvd (St.Rte. 19) Tunnel",California,"State Highway",33.808,-118.142,1958,1982,6,39055,781,1,0,1,0,"Principal Arterial - Other",1005,0,2,Oval,Soil,6
44,S17T44SOMDOT000,"SOMERVILLE TUNNEL",Massachusetts,"State Highway",42.3927,-71.0858,1970,0,2,58800,2352,0,0,0,0,"Principal Arterial - Other",452,0,1,Oval,Soil,2
45,50006,"COBO HALL",Michigan,"State Highway",42.3265,-83.0491,1960,0,6,29660,2226,1,0,1,0,"Principal Arterial - Other",1045,0,1,Oval,Soil,7
46,27191,"MINNEHAHA TUNNEL",Minnesota,"State Highway",44.9161,93.2147,1999,0,4,23446,1172,1,0,1,0,"Principal Arterial - Other",644,0,2,Oval,Soil,5
47,33TUSR00201,"McCALLIE TUNNEL (LEFT BORE)",Tennessee,"State Highway",35.0298,85.2586,1930,1990,2,32970,4286,1,0,1,0,"Principal Arterial - Other",1010,0,1,Oval,Soil,6
48,33TUSR00202,"McCALLIE TUNNEL (RIGHT BORE)",Tennessee,"State Highway",35.0298,85.2586,1930,1990,2,32970,4286,1,0,1,0,"Principal Arterial - Other",946,0,1,Oval,Soil,6
49,T1978N,"Airport runway",Nevada,"County Highway",36.0722,115.146,1994,0,3,47375,3790,1,0,1,1,"Principal Arterial - Other",2729,0,1,Oval,Soil,7
50,T1978S,"Airport runway",Nevada,"County Highway",36.0723,115.146,1994,0,3,47375,3790,1,0,1,1,"Principal Arterial - Other",2729,0,1,Oval,Soil,6
51,79TU0281301,"Memphis Airport Runway Tunnel",Tennessee,"Federal Lands Road",35.0522,89.978,1980,1997,7,29000,2320,1,0,0,0,"Principal Arterial - Other",1089,0,1,Oval,Soil,8
52,"37 0654K","Airport Blvd I-880S On-Ramp Tunnel",California,"City Street",37.3503,-121.917,2005,0,1,12000,720,1,0,0,0,"Major Collector",546,0,1,Oval,Soil,1
53,1209,"E St NW Expressway Tunnel","District of Columbia","City Street",38.8691,-77.0469,1964,0,4,14000,280,1,0,1,0,"Principal Arterial - Freeways and Expressways",635,0,2,Oval,Soil,1
54,1302,"Potomac Parkway Tunnel at Virginia Ave NW","District of Columbia","City Street",38.7627,-77.0479,1962,0,8,22500,450,1,0,1,0,"Principal Arterial - Freeways and Expressways",558,0,2,Oval,Soil,1
55,1409,"Barney Circle Ramp Tunnel","District of Columbia","City Street",38.8783,-76.9818,1974,0,2,12500,350,1,0,1,0,"Principal Arterial - Freeways and Expressways",304,0,1,Oval,Soil,0
56,1410,"Barney Circle Tunnel","District of Columbia","City Street",38.8779,-76.9813,1974,0,4,500,50,1,0,1,0,"Principal Arterial - Freeways and Expressways",440,0,2,Oval,Soil,1
57,172N,"12th St North Tunnel","District of Columbia","City Street",38.8897,-77.0281,1964,1999,3,39400,788,1,0,1,0,"Principal Arterial - Freeways and Expressways",730,0,1,Oval,Soil,4
58,172S,"12th St South Tunnel","District of Columbia","City Street",38.8881,-77.0281,1964,1999,2,39400,788,1,0,1,0,"Principal Arterial - Freeways and Expressways",260,0,1,Oval,Soil,5
59,173,"9th St Tunnel","District of Columbia","City Street",38.8883,-77.025,1970,2000,3,27300,546,1,0,1,0,"Principal Arterial - Freeways and Expressways",1610,0,1,Oval,Soil,0
60,B16T33CANDOTV15,"CANA TUNNEL NORTHBOUND",Massachusetts,"U.S. Numbered Highway",42.3711,-71.0628,1988,0,2,83734,3429,1,0,1,0,"Principal Arterial - Freeways and Expressways",1506,0,1,Oval,Soil,13
61,B16T34CASDOTV14,"CANA TUNNEL SOUTHBOUND",Massachusetts,"U.S. Numbered Highway",42.3725,-71.0604,1988,0,2,83734,3429,1,0,1,0,"Principal Arterial - Freeways and Expressways",824,0,1,Oval,Soil,12
62,CBBT00000000002,"Chesapeake Channel Tunnel",Virginia,"U.S. Numbered Highway",37.0364,-76.0768,1964,2014,2,10039,965,425,2,0,1,"Principal Arterial - Freeways and Expressways",5424,1,1,Oval,Soil,3
63,CBBT0000000001R,"Thimble Shoal Tunnel",Virginia,"U.S. Numbered Highway",36.9662,-76.1126,1964,2014,2,10039,965,425,2,0,1,"Principal Arterial - Freeways and Expressways",5738,1,1,Oval,Soil,8
64,VDOT0000000008R,"Downtown Tunnel EBL",Virginia,"Interstate Highway",36.8309,-76.3008,1987,2015,2,40000,1600,7,1,1,1,"Principal Arterial - Freeways and Expressways",3814,1,1,Oval,Soil,10
65,VDOT0000000009L,"Downtown Tunnel WBL",Virginia,"Interstate Highway",36.8348,-76.2889,1952,2015,2,36000,1440,7,1,1,1,"Principal Arterial - Freeways and Expressways",3350,1,1,Oval,Soil,9
66,"35 0173L","S280/S1 SEP Tunnel",California,"State Highway",37.7055,-122.471,1965,0,6,49500,495,1,0,1,0,"Principal Arterial - Freeways and Expressways",719,0,1,Oval,Soil,1
67,"53 0845","International Airport Tunnel",California,"State Highway",33.9346,-118.396,1952,2001,6,60800,1824,1,0,1,0,"Principal Arterial - Freeways and Expressways",1910,0,2,Oval,Soil,8
68,"55 0780G","N241-S133 Connector Tunnel",California,"State Highway",33.7103,-117.724,1998,0,2,18940,4,5,0,1,0,"Principal Arterial - Freeways and Expressways",405,0,1,Oval,Soil,1
69,"55 0784G","N133-N241 Connector Tunnel",California,"State Highway",33.7167,-117.721,1998,0,2,9300,1,10,2,1,0,"Principal Arterial - Freeways and Expressways",842,0,1,Oval,Soil,1
70,"55 0806G","241/N261 - N241 Connector Tunnel",California,"State Highway",33.7827,-117.748,1998,0,2,9350,5,2,2,1,0,"Principal Arterial - Freeways and Expressways",715,0,1,Oval,Soil,1
71,"57 1013","Polk-Orange Avenue Tunnel",California,"State Highway",32.7514,-117.109,1999,0,12,157000,3140,1,0,1,0,"Principal Arterial - Freeways and Expressways",633,0,2,Oval,Soil,2
72,"57 1181","N125-W54 Connector UC",California,"State Highway",33.7182,-117.72,2007,0,2,5000,50,1,0,1,0,"Principal Arterial - Freeways and Expressways",482,0,1,Oval,Soil,2
73,TU01627,"Hartford Library Tunnel",Connecticut,"State Highway",41.7622,-72.6747,1954,2004,3,15900,1300,0,0,1,0,"Principal Arterial - Freeways and Expressways",500,0,1,Oval,Soil,7
74,121-0001T-0,"Financial Center Tunnel",Georgia,"State Highway",33.846,-84.3664,1992,0,6,111470,1115,5,0,1,0,"Principal Arterial - Freeways and Expressways",667,0,3,Oval,Soil,16
75,B16T36CALDOTV12,"CALLAHAN TUNNEL",Massachusetts,"State Highway",42.363,-71.0533,1961,1992,2,27535,826,1,2,1,0,"Principal Arterial - Freeways and Expressways",5070,1,1,Oval,Soil,15
76,B16T37SUMDOTV10,"SUMNER TUNNEL",Massachusetts,"State Highway",42.373,-71.038,1934,1997,2,28970,869,1,2,1,0,"Principal Arterial - Freeways and Expressways",5655,1,1,Oval,Soil,9
77,1130158,"NJ 29 NB Highway Tunnel","New Jersey","State Highway",40.1883,-74.755,2002,0,4,57500,0,4,0,1,0,"Principal Arterial - Freeways and Expressways",2297,0,1,Oval,Soil,12
78,VDOT0000000010R,"Midtown Tunnel EBL",Virginia,"State Highway",36.8541,-76.319,1962,2017,2,14000,700,7,1,0,1,"Principal Arterial - Freeways and Expressways",4194,1,1,Oval,Soil,10
79,VDOT0000000011L,"Westbound Midtown Tunnel",Virginia,"State Highway",36.8623,-76.3087,2016,0,2,14000,700,7,1,0,1,"Principal Arterial - Freeways and Expressways",4198,1,1,Oval,Soil,3
80,"53 1959","S5-S5 Truck Tunnel",California,"Interstate Highway",34.3365,-118.511,1971,2007,2,196000,21560,1,0,1,1,Interstate,545,0,1,Oval,Soil,1
81,"53 2441F","W105-S405 Connector Tunnel",California,"Interstate Highway",33.9277,-118.369,1933,0,8,8000,80,1,0,1,1,Interstate,1781,0,1,Oval,Soil,6
82,"55 0840C","North Bound I5/Disney Way Offramp Tunnel",California,"Interstate Highway",33.8054,-117.905,2000,0,1,1500,1,1,0,1,0,Interstate,300,0,1,Oval,Soil,0
83,TU06559,"Hartford I-84 Platform Tunnel",Connecticut,"Interstate Highway",41.7699,-72.6756,1963,1996,8,125600,17500,1,0,1,1,Interstate,822,0,2,Oval,Soil,12
84,1101,"I-395 Ramp A Tunnel at Southwest Fwy","District of Columbia","Interstate Highway",38.8822,-77.015,1959,0,2,20000,4600,1,0,1,0,Interstate,480,0,1,Oval,Soil,2
85,1142,"I-395 Mall Tunnel","District of Columbia","Interstate Highway",38.8769,-76.9907,1973,1999,6,100000,1413,1,0,1,0,Interstate,3400,0,2,Oval,Soil,4
86,1143,"I-395 Air Rights Tunnel","District of Columbia","Interstate Highway",38.5689,-77.0139,1986,2013,4,100000,850,1,0,1,0,Interstate,1239,0,2,Oval,Soil,2
87,BCW561002,"FMT - Fort McHenry Tunnel",Maryland,"Interstate Highway",39.2642,-76.5898,1985,2015,8,122820,19752,1,1,1,1,Interstate,7209,1,4,Oval,Soil,20
88,BCY100002,"BHT - Baltimore Harbor Tunnel",Maryland,"Interstate Highway",39.246,-76.5766,1958,1988,4,77235,4055,1,1,1,1,Interstate,7651,1,2,Oval,Soil,19
89,B16T01CNEDOTEB1,"I-90 EB CONNECTOR TUNNEL",Massachusetts,"Interstate Highway",42.3462,-71.0599,2003,0,2,99646,4982,1,2,1,1,Interstate,1994,0,1,Oval,Soil,5
90,B16T02CNEDOTEB2,"I-90 EB CONNECTOR TUNNEL",Massachusetts,"Interstate Highway",42.3474,-71.0527,2003,0,2,99646,4982,1,2,1,1,Interstate,2106,0,1,Oval,Soil,13
91,B16T03CNEDOTEB3,"I-90 EB CONNECTOR TUNNEL",Massachusetts,"Interstate Highway",42.3482,-71.0451,2003,0,2,63613,3181,1,2,1,1,Interstate,1269,0,1,Oval,Soil,7
92,B16T04CNEDOTJF3,"I-90 EB CONNECTOR TUNNEL",Massachusetts,"Interstate Highway",42.3479,-71.0442,2003,0,1,41730,2087,1,2,1,1,Interstate,588,0,1,Oval,Soil,4
93,B16T05CNEDOTHOV,"I-90 EB CONNECTOR TUNNEL",Massachusetts,"Interstate Highway",42.3434,-71.0612,2003,0,2,21595,1080,1,2,1,1,Interstate,3280,0,1,Oval,Soil,9
94,B16T06CNWDOTWB3,"I-90 WB CONNECTOR TUNNEL",Massachusetts,"Interstate Highway",42.3471,-71.0407,2003,0,2,36900,1845,1,2,1,1,Interstate,1300,0,1,Oval,Soil,7
95,B16T07CNWDOTJF2,"I-90 WB CONNECTOR TUNNEL",Massachusetts,"Interstate Highway",42.3472,-71.0406,2003,0,2,41730,2087,0,2,1,1,Interstate,797,0,1,Oval,Soil,4
96,B16T08CNWDOTWB2,"I-90 WB CONNECTOR TUNNEL",Massachusetts,"Interstate Highway",42.3484,-71.0451,2003,0,2,63613,3181,1,2,1,1,Interstate,2092,0,1,Oval,Soil,10
97,B16T09CNWDOTWB1,"I-90 WB CONNECTOR TUNNEL",Massachusetts,"Interstate Highway",42.3476,-71.0528,2003,0,2,36900,1845,1,2,1,1,Interstate,1975,0,1,Oval,Soil,7
98,B16T10CNWDOTD01,"I-90 WB CONNECTOR TUNNEL",Massachusetts,"Interstate Highway",42.3479,-71.0522,2003,0,2,63613,3181,1,2,1,1,Interstate,1696,0,1,Oval,Soil,6
99,B16T11TONDOTNB1,"THOMAS P. TIP ONEILL JR TUNNEL - 93NB",Massachusetts,"Interstate Highway",42.3485,-71.0575,2003,0,3,186258,7450,1,0,1,1,Interstate,2650,0,1,Oval,Soil,12
100,B16T12TONDOTJF3,"THOMAS P. TIP ONEILL JR TUNNEL - 93NB",Massachusetts,"Interstate Highway",42.3527,-71.0563,1950,2003,1,6900,276,1,0,1,1,Interstate,1037,0,1,Oval,Soil,3
101,B16T13TONDOTNB2,"THOMAS P. TIP ONEILL JR TUNNEL - 93NB",Massachusetts,"Interstate Highway",42.3544,-71.0523,2003,0,4,118111,4724,1,0,1,1,Interstate,1950,0,1,Oval,Soil,17
102,B16T14TONDOTNB3,"THOMAS P. TIP ONEILL JR TUNNEL - 93NB",Massachusetts,"Interstate Highway",42.3593,-71.0519,2003,0,4,118111,4724,1,0,1,1,Interstate,1800,0,1,Oval,Soil,12
103,B16T15TONDOTNB4,"THOMAS P. TIP ONEILL JR TUNNEL - 93NB",Massachusetts,"Interstate Highway",42.3628,-71.0565,2003,0,4,118111,4724,1,0,1,1,Interstate,1700,0,1,Oval,Soil,15
104,B16T16TONDOTJF4,"THOMAS P. TIP ONEILL JR TUNNEL - 93NB",Massachusetts,"Interstate Highway",42.3624,-71.0552,2003,0,1,5937,237,1,0,1,1,Interstate,669,0,1,Oval,Soil,6
105,B16T17TONDOTJF6,"THOMAS P. TIP ONEILL JR TUNNEL - 93NB",Massachusetts,"Interstate Highway",42.365,-71.0588,2003,0,2,14110,564,1,0,1,1,Interstate,1960,0,1,Oval,Soil,7
106,B16T18TONDOTJF6,"THOMAS P. TIP ONEILL JR TUNNEL - 93NB",Massachusetts,"Interstate Highway",42.365,-71.0581,2003,0,2,14520,581,1,0,1,1,Interstate,1057,0,1,Oval,Soil,8
107,B16T19TONDOT000,"THOMAS P. TIP ONEILL JR TUNNEL - 93NB93",Massachusetts,"Interstate Highway",42.3659,-71.0688,2003,0,2,14000,560,1,0,1,1,Interstate,613,0,1,Oval,Soil,5
108,B16T20TOSDOTAIS,"THOMAS P. TIP ONEILL JR TUNNEL - 93SB",Massachusetts,"Interstate Highway",42.3547,-71.0525,1959,2003,3,118111,4724,1,0,1,1,Interstate,3222,0,1,Oval,Soil,10
109,B16T21TOSDOTSB1,"THOMAS P. TIP ONEILL JR TUNNEL - 93SB",Massachusetts,"Interstate Highway",42.3595,-71.0523,2003,0,3,118111,4724,1,0,1,1,Interstate,1900,0,1,Oval,Soil,10
110,B16T22TOSDOTJF2,"THOMAS P. TIP ONEILL JR TUNNEL - 93SB",Massachusetts,"Interstate Highway",42.3585,-71.0521,2003,0,2,13920,557,1,0,1,1,Interstate,768,0,1,Oval,Soil,2
111,B16T23TOSDOTSB2,"THOMAS P. TIP ONEILL JR TUNNEL - 93SB",Massachusetts,"Interstate Highway",42.3625,-71.0567,2003,0,4,118111,4724,1,0,1,1,Interstate,1685,0,1,Oval,Soil,11
112,B16T24TOSDOTJF4,"THOMAS P. TIP ONEILL JR TUNNEL - 93SB",Massachusetts,"Interstate Highway",42.3618,-71.0562,2003,0,1,11379,455,1,0,1,1,Interstate,463,0,1,Oval,Soil,2
113,B16T25TOSDOTSB3,"THOMAS P. TIP ONEILL JR TUNNEL - 93SB",Massachusetts,"Interstate Highway",42.3662,-71.0606,2003,0,4,185861,74734,1,0,1,1,Interstate,1700,0,1,Oval,Soil,14
114,B16T26TOSDOTJF5,"THOMAS P. TIP ONEILL JR TUNNEL - 93SB",Massachusetts,"Interstate Highway",42.3662,-71.066,2003,0,1,2125,85,1,0,1,1,Interstate,1230,0,1,Oval,Soil,5
115,B16T27TWWDOTTW3,"TED WILLIAMS TUNNEL WESTBOUND",Massachusetts,"Interstate Highway",42.3654,-71.0249,1995,0,2,68579,3429,1,2,1,1,Interstate,1605,1,1,Oval,Soil,4
116,B16T28TWWDOTTW2,"TED WILLIAMS TUNNEL WESTBOUND",Massachusetts,"Interstate Highway",42.3607,-71.0254,1995,0,2,68579,3429,1,2,1,1,Interstate,2854,1,1,Oval,Soil,7
117,B16T29TWWDOTTW1,"TED WILLIAMS TUNNEL WESTBOUND",Massachusetts,"Interstate Highway",42.3536,-71.0286,1995,0,2,68579,3429,1,2,1,1,Interstate,3646,1,1,Oval,Soil,10
118,B16T30TWEDOTTE1,"TED WILLIAMS TUNNEL EASTBOUND",Massachusetts,"Interstate Highway",42.3466,-71.0377,1995,0,2,68579,3429,1,2,1,1,Interstate,3676,1,1,Oval,Soil,9
119,B16T31TWEDOTTE2,"TED WILLIAMS TUNNEL EASTBOUND",Massachusetts,"Interstate Highway",42.3536,-71.0285,1995,0,2,68579,3429,1,2,1,1,Interstate,2943,1,1,Oval,Soil,4
120,B16T32TWEDOTTE3,"TED WILLIAMS TUNNEL EASTBOUND",Massachusetts,"Interstate Highway",42.3612,-71.025,1995,0,2,68579,3429,1,2,1,1,Interstate,1558,1,1,Oval,Soil,2
121,B16T35PRUDOTSF8,"PRUDENTIAL TUNNEL",Massachusetts,"Interstate Highway",42.3475,-71.0853,1981,0,6,122739,8592,1,2,1,1,Interstate,2804,0,1,Oval,Soil,18
122,B16T38TADMPATAD,"RAMP TAD",Massachusetts,"Interstate Highway",42.3616,-71.0248,1995,0,2,7432,372,1,2,1,1,Interstate,1492,0,1,Oval,Soil,7
123,B16T391AAMPA000,"ARRIVALS ROAD AND RAMP 1A-A",Massachusetts,"Interstate Highway",42.3664,-71.0256,1996,0,3,7796,234,1,0,0,0,Interstate,451,0,1,Oval,Soil,2
124,B16T42PRUDOT000,"PRUDENTIAL TUNNEL WB RAMP A",Massachusetts,"Interstate Highway",42.3483,-71.0782,1965,0,1,12400,868,1,2,1,1,Interstate,212,0,1,Oval,Soil,3
125,B16T43PRUDOTSF8,"PRUDENTIAL TUNNEL EB RAMP B",Massachusetts,"Interstate Highway",42.3472,-71.0793,1965,0,1,9699,485,1,2,1,1,Interstate,350,0,1,Oval,Soil,1
126,27832,"LOWRY HILL TUNNEL",Minnesota,"Interstate Highway",44.9651,93.2876,1969,0,6,197000,7880,1,0,1,1,Interstate,1496,0,2,Oval,Soil,9
127,69836,"LEIF ERIKSON TUNNEL",Minnesota,"Interstate Highway",46.7966,92.0841,1989,0,4,41000,3690,1,0,1,1,Interstate,1480,0,2,Oval,Soil,3
128,VDOT00000000003,"Hampton Roads Bridge Tunnel EBL",Virginia,"Interstate Highway",37.0005,-76.3184,1976,0,2,45000,1350,35,0,1,1,Interstate,7315,1,1,Oval,Soil,13
129,VDOT00000000004,"Hampton Roads Bridge Tunnel WBL",Virginia,"Interstate Highway",37.001,-76.3179,1957,0,2,44000,1320,35,0,1,1,Interstate,7479,1,1,Oval,Soil,13
130,VDOT00000000005,"Monitor Merrimac Memorial Bridge Tunnel",Virginia,"Interstate Highway",36.9594,-76.4108,1992,0,4,61000,3660,23,0,1,1,Interstate,4860,1,1,Oval,Soil,11
131,VDOT00000000006,"I-564 Runway Tunnel",Virginia,"Interstate Highway",36.9368,-76.301,1972,0,6,32000,640,4,0,1,1,Interstate,662,0,1,Oval,Soil,7
132,VDOT00000000007,"Rosslyn Tunnel",Virginia,"Interstate Highway",38.8987,-77.0737,1983,0,4,76000,0,1,0,1,1,Interstate,900,0,1,Oval,Soil,11
133,"19 0079G","Sunrise-E80 Onramp Tunnel",California,"State Highway",38.7442,-121.269,2006,0,2,30000,500,1,0,1,1,Interstate,627,0,1,Oval,Soil,1
134,AFILVDYD06060,AFILVDYD06060,Illinois,"Federal Lands Road",38.5449,89.8401,1995,0,2,15,0,6,0,0,0,"Minor Collector",400,0,2,Oval,Soil,3
135,33C0146,"Solano-Sutter Street Tunnel",California,"City Street",37.8896,-122.272,1930,0,2,7836,78,1,0,0,0,"Minor Arterial",464,0,1,Rectangular,"Mixed Face",2
136,33C0151,"11th Street Tunnel",California,"City Street",37.7992,-122.263,1965,0,3,14995,300,1,0,0,0,"Minor Arterial",40,0,1,Rectangular,"Mixed Face",1
137,53C1318,"2nd Street Tunnel",California,"City Street",34.0533,-118.248,1920,0,2,18014,2,1,0,0,0,"Minor Arterial",1734,0,1,Rectangular,"Mixed Face",3
138,53C1339,"Third Street Tunnel",California,"City Street",34.0518,-118.25,1901,1984,2,21975,220,1,0,0,0,"Minor Arterial",1245,0,1,Rectangular,"Mixed Face",5
139,ROA000000000001,"Roanoke Airport Tunnel",Virginia,"City Street",37.332,-79.9669,1985,0,2,11000,0,2,0,0,0,"Minor Arterial",951,0,1,Rectangular,"Mixed Face",4
140,"09 0001","Grizzly Dome Tunnel",California,"State Highway",39.8692,-121.373,1936,0,2,1345,188,70,0,0,0,"Minor Arterial",390,0,1,Rectangular,"Mixed Face",0
141,"09 0024","Elephant Butte Tunnel",California,"State Highway",39.8729,-121.373,1937,0,2,1345,188,70,0,0,0,"Minor Arterial",1187,0,1,Rectangular,"Mixed Face",0
142,"12 0109","Arch Rock Tunnel",California,"State Highway",39.8523,-121.392,1937,0,2,1350,189,124,0,0,0,"Minor Arterial",261,0,1,Rectangular,"Mixed Face",1
143,"35 0246F","W92-S280  Connector UC",California,"State Highway",37.5056,-122.337,1973,0,2,11000,2,3,0,0,0,"Minor Arterial",49,0,1,Rectangular,"Mixed Face",8
144,"52 0068","South Matilija Tunnel",California,"State Highway",34.5073,-119.284,1931,0,2,650,26,124,0,0,0,"Minor Arterial",205,0,1,Rectangular,"Mixed Face",1
145,"52 0070","Middle Matilija Tunnel",California,"State Highway",34.5072,-119.276,1931,0,2,650,26,124,0,0,0,"Minor Arterial",131,0,1,Rectangular,"Mixed Face",0
146,"52 0072","North Matilija Tunnel",California,"State Highway",34.5076,-119.276,1931,0,2,650,26,124,0,0,0,"Minor Arterial",170,0,1,Rectangular,"Mixed Face",1
147,"53 0184","Angeles Crest Tunnel 1",California,"State Highway",34.3625,-117.865,1950,0,2,395,8,60,0,0,0,"Minor Arterial",644,0,1,Rectangular,"Mixed Face",1
148,"53 0978","Angeles Crest Tunnel 2",California,"State Highway",34.3614,-117.862,1950,0,2,395,8,20,0,0,0,"Minor Arterial",475,0,1,Rectangular,"Mixed Face",1
149,06T284,"Norwood Road Tunnel","West Virginia","County Highway",38.3988,-82.3881,2006,0,2,3500,30,1,0,0,0,"Minor Arterial",156,0,1,Rectangular,"Mixed Face",4
150,"27 0039","Fort Cronkhite Tunnel UC",California,"City Street",37.8391,-122.486,1918,1994,1,5000,150,3,0,0,0,Local,2690,0,1,Rectangular,"Mixed Face",3
151,53C1763,"Vermont Canyon Road Tunnel",California,"City Street",34.1236,-118.301,1920,0,2,550,11,1,0,0,0,Local,328,0,1,Rectangular,"Mixed Face",1
152,NYCDOTN3101,"34th Street Park Avenue Tunnel","New York","City Street",40.7464,73.9818,1972,0,2,7100,0,0,0,0,0,Local,1483,0,1,Rectangular,"Mixed Face",7
153,NYCDOTN3102,"First Avenue Near UN Plaza","New York","City Street",40.7479,73.9706,1950,2011,4,7310,152,0,0,0,0,Local,1377,0,1,Rectangular,"Mixed Face",5
154,NYCDOTN3104,"West Street Underpass","New York","City Street",40.709,74.0151,1946,0,2,26000,0,0,0,0,0,Local,516,0,1,Rectangular,"Mixed Face",4
155,TELL-8-TUN,NULL,Colorado,"County Highway",38.7318,-105.026,1900,2011,1,36,NULL,39,0,0,0,Local,243,0,1,Rectangular,"Mixed Face",1
156,T02120300000001,"Apishapa Arch",Colorado,"Federal Lands Road",37.34,-104.999,1950,0,1,39,0,55,0,0,0,Local,11,0,1,Rectangular,"Mixed Face",3
157,PANYNJN3103,"41st Street Underpass","New York",Other,40.7581,73.9939,1977,0,2,1165,0,0,0,0,0,Local,553,0,1,Rectangular,"Mixed Face",6
158,28C0318,"Dornan Drive Tunnel",California,"City Street",37.9212,-122.386,1912,0,2,2200,44,124,0,1,0,"Principal Arterial - Other",741,0,1,Rectangular,"Mixed Face",2
159,34C0006,"Broadway Street Tunnel",California,"City Street",37.7963,-122.418,1952,0,4,50000,1000,1,0,1,0,"Principal Arterial - Other",1850,0,1,Rectangular,"Mixed Face",4
160,34C0040,"Geary Blvd Tunnel",California,"City Street",37.7823,-122.448,1973,0,4,8000,1600,1,0,1,0,"Principal Arterial - Other",537,0,1,Rectangular,"Mixed Face",2
161,34C0044,"Stockton Street Tunnel",California,"City Street",37.7903,-122.407,1912,0,3,25000,1250,1,0,1,0,"Principal Arterial - Other",903,0,1,Rectangular,"Mixed Face",1
162,NYCDOTN3103,"Battery Park Underpass","New York","City Street",40.7018,74.0134,1954,0,4,54299,1569,0,0,0,0,"Principal Arterial - Other",2263,0,1,Rectangular,"Mixed Face",5
163,"01 0049","Randolph Collier Tunnel (Hazelview Summit)",California,"U.S. Numbered Highway",41.9682,-123.747,1963,0,2,3100,558,124,0,1,0,"Principal Arterial - Other",1886,0,1,Rectangular,"Mixed Face",5
164,"34 0161R","Northbound 101 Battery Tunnel",California,"U.S. Numbered Highway",37.8018,-122.462,2015,0,3,79000,790,6,0,1,1,"Principal Arterial - Other",48,0,1,Rectangular,"Mixed Face",1
165,"34 0163L","Southbound 101 Main Post Tunnel",California,"U.S. Numbered Highway",37.8032,-122.454,2015,0,4,79000,790,6,0,1,1,"Principal Arterial - Other",59,0,1,Rectangular,"Mixed Face",1
166,"34 0163R","Northbound 101 Main Post Tunnel",California,"U.S. Numbered Highway",37.8034,-122.454,2015,0,3,79000,790,6,0,1,1,"Principal Arterial - Other",48,0,1,Rectangular,"Mixed Face",1
167,"51 0172R","Gaviota Gorge Tunnel",California,"U.S. Numbered Highway",34.4882,-120.226,1953,0,2,32000,4480,1,0,1,1,"Principal Arterial - Other",420,0,1,Rectangular,"Mixed Face",1
168,"35 0330L","Devil's Slide Tunnel",California,"State Highway",37.5718,-122.516,2013,0,1,14500,145,23,0,1,0,"Principal Arterial - Other",4241,0,1,Rectangular,"Mixed Face",1
169,"35 0330R","Devil's Slide Tunnel",California,"State Highway",37.5717,-122.515,2013,0,1,14500,145,23,0,1,0,"Principal Arterial - Other",4298,0,1,Rectangular,"Mixed Face",1
170,53C0489,"Soledad Canyon Road Tunnel",California,"County Highway",34.4314,-118.352,1935,1953,2,2550,255,9,0,1,0,"Principal Arterial - Other",442,0,1,Rectangular,"Mixed Face",2
171,50001,"DETROIT WINDSOR",Michigan,Other,42.3239,-83.0404,1930,1993,2,12000,600,5,1,1,0,"Principal Arterial - Other",5160,1,1,Rectangular,"Mixed Face",4
172,47C0035,"Lake Mary Rd Tunnel",California,"City Street",37.6362,-118.997,2009,0,2,4300,86,1,0,0,0,"Major Collector",171,0,1,Rectangular,"Mixed Face",2
173,19C0169,"Newcastle Tunnel",California,"County Highway",38.8757,-121.136,1932,0,2,5295,106,8,0,0,0,"Major Collector",531,0,1,Rectangular,"Mixed Face",1
174,53C0251,"Mount Baldy Road Tunnel #1",California,"County Highway",34.2005,-117.676,1951,0,2,1506,31,25,0,0,0,"Major Collector",634,0,1,Rectangular,"Mixed Face",1
175,53C0503,"Mount Baldy Rd Tunnel 2",California,"County Highway",34.2038,-117.677,1954,0,2,1506,60,25,0,0,0,"Major Collector",243,0,1,Rectangular,"Mixed Face",0
176,53C0601,"Angeles Forest Highway",California,"County Highway",34.3139,-118.136,1941,0,2,1370,14,20,0,0,0,"Major Collector",475,0,1,Rectangular,"Mixed Face",0
177,53C0899L,"Kanan Dume Road SB Tunnel",California,"County Highway",34.0726,-118.813,1983,0,1,10747,0,5,0,0,0,"Major Collector",525,0,1,Rectangular,"Mixed Face",1
178,53C0899R,"Kanan Dume Road NB Tunnel",California,"County Highway",34.0728,-118.813,1983,0,1,10747,0,5,0,0,0,"Major Collector",519,0,1,Rectangular,"Mixed Face",2
179,53C0900L,"Kanan Road Southbound",California,"County Highway",34.1053,-118.811,1983,0,2,3264,33,5,0,0,0,"Major Collector",874,0,1,Rectangular,"Mixed Face",0
180,53C0900R,"Kanan Road Northbound",California,"County Highway",34.1051,-118.811,1968,0,1,3264,65,5,0,0,0,"Major Collector",850,0,1,Rectangular,"Mixed Face",1
181,53C0901L,"Kanan Road Southbound",California,"County Highway",34.1081,-118.804,1978,0,2,3264,65,5,0,0,0,"Major Collector",395,0,1,Rectangular,"Mixed Face",1
182,53C0901R,"Kanan Road Northbound",California,"County Highway",34.1082,-118.804,1968,0,1,3264,65,5,0,0,0,"Major Collector",329,0,1,Rectangular,"Mixed Face",1
183,0000000000T0030,"CM&PS Tunnel 30; Deer Creek #2",Idaho,"County Highway",47.3447,-115.742,1909,0,1,200,10,39,0,0,0,"Major Collector",221,0,1,Rectangular,"Mixed Face",2
184,0000000000T0031,"CM&PS Tunnel 31; Glade Creek #1",Idaho,"County Highway",47.3409,-115.749,1909,0,1,200,10,39,0,0,0,"Major Collector",332,0,1,Rectangular,"Mixed Face",2
185,0000000000T0032,"CM&PS Tunnel 32; Glade Creek #2",Idaho,"County Highway",47.3324,-115.754,1909,0,1,200,10,39,0,0,0,"Major Collector",638,0,1,Rectangular,"Mixed Face",2
186,0000000000T0033,"CM&PS Tunnel 33; Kyle",Idaho,"County Highway",47.3209,-115.76,1909,0,1,200,10,39,0,0,0,"Major Collector",462,0,1,Rectangular,"Mixed Face",3
187,0000000000T0034,"CM&PS Tunnel 34; Stetson #1",Idaho,"County Highway",47.2993,-115.775,1909,0,1,200,10,39,0,0,0,"Major Collector",462,0,1,Rectangular,"Mixed Face",3
188,0000000000T0035,"CM&PS Tunnel 35; Stetson #2",Idaho,"County Highway",47.2729,-115.773,1909,0,1,200,10,39,0,0,0,"Major Collector",416,0,1,Rectangular,"Mixed Face",2
189,0000000000T0036,"CM&PS Tunnel 36; Stetson #3",Idaho,"County Highway",47.2657,-115.777,1909,0,1,200,10,39,0,0,0,"Major Collector",552,0,1,Rectangular,"Mixed Face",2
190,19T058,"Bloomery Road Tunnel","West Virginia","County Highway",39.2701,-77.7877,2009,0,2,750,45,4,0,0,0,"Major Collector",295,0,1,Rectangular,"Mixed Face",2
191,"27 0040L","Waldo Tunnel",California,"U.S. Numbered Highway",37.8432,-122.486,1937,0,4,106000,1060,3,0,1,1,"Principal Arterial - Freeways and Expressways",1000,0,1,Rectangular,"Mixed Face",2
192,"27 0040R","Waldo Tunnel",California,"U.S. Numbered Highway",37.8433,-122.485,1954,0,4,106000,1060,3,0,1,1,"Principal Arterial - Freeways and Expressways",1000,0,1,Rectangular,"Mixed Face",2
193,"34 0161L","Southbound 101 Battery Tunnel",California,"U.S. Numbered Highway",37.8016,-122.461,2012,0,5,234000,7020,1,0,1,1,"Principal Arterial - Freeways and Expressways",72,0,1,Rectangular,"Mixed Face",4
194,"28 0015","Caldecott Tunnel Bore 2",California,"State Highway",37.8546,-122.217,1937,0,2,155000,3100,18,0,1,0,"Principal Arterial - Freeways and Expressways",3610,0,1,Rectangular,"Mixed Face",6
195,"28 0015K","Caldecott Tunnel Bore 4",California,"State Highway",37.855,-122.219,2013,0,2,155000,3100,21,0,1,0,"Principal Arterial - Freeways and Expressways",3399,0,1,Rectangular,"Mixed Face",3
196,"28 0015L","Caldecott Tunnel Bore 3",California,"State Highway",37.8549,-122.218,1965,0,2,155000,3100,21,0,1,0,"Principal Arterial - Freeways and Expressways",3371,0,1,Rectangular,"Mixed Face",13
197,"28 0015R","Caldecott Tunnel Bore 1",California,"State Highway",37.8545,-122.217,1937,0,2,155000,0,18,0,1,0,"Principal Arterial - Freeways and Expressways",3616,0,1,Rectangular,"Mixed Face",11
198,"34 0016","Presidio Tunnel",California,"State Highway",37.7926,-122.47,1938,0,4,64000,0,4,0,1,0,"Principal Arterial - Freeways and Expressways",1300,0,1,Rectangular,"Mixed Face",2
199,"53 0199R","Figueroa Street Tunnel #4",California,"State Highway",34.073,-118.234,1936,0,4,183000,1830,1,0,1,0,"Principal Arterial - Freeways and Expressways",755,0,1,Rectangular,"Mixed Face",1
200,"53 0200R","Figueroa Street Tunnel #2",California,"State Highway",34.0757,-118.231,1931,0,4,183000,1830,1,0,1,0,"Principal Arterial - Freeways and Expressways",461,0,1,Rectangular,"Mixed Face",1
201,"53 0201R","Figueroa Street Tunnel #3",California,"State Highway",34.0771,-118.23,1931,0,4,183000,1830,1,0,1,0,"Principal Arterial - Freeways and Expressways",130,0,1,Rectangular,"Mixed Face",0
202,"53 0202R","Figueroa Street Tunnel #4",California,"State Highway",34.0781,-118.228,1931,0,4,183000,1830,1,0,1,0,"Principal Arterial - Freeways and Expressways",405,0,1,Rectangular,"Mixed Face",0
203,"19 0006G","E80 Offramp/E80 Onramp SEP (Short Section)",California,"Interstate Highway",38.7451,-121.269,2006,0,1,20000,1600,1,0,1,1,Interstate,36,0,1,Rectangular,"Mixed Face",0
204,"34 0004","Yerba Buena Crossing Tunnel",California,"Interstate Highway",37.8083,-122.367,1936,1962,5,204900,10245,35,2,1,1,Interstate,540,0,1,Rectangular,"Mixed Face",4
205,"53 2138","Foothill LA Canada SEP Tunnel",California,"Interstate Highway",34.207,-118.206,1970,0,4,116000,11600,1,0,1,1,Interstate,652,0,1,Rectangular,"Mixed Face",1
206,"53 2436G","E105-S405 Connector Tunnel",California,"Interstate Highway",33.9284,-118.37,1993,0,1,8500,85,1,0,1,1,Interstate,370,0,1,Rectangular,"Mixed Face",4
207,"53 2437G","E105-N405 Connector Tunnel",California,"Interstate Highway",33.9289,-118.37,1993,0,2,4000,40,1,0,1,1,Interstate,1350,0,1,Rectangular,"Mixed Face",4
208,003000H30200544,"Harano Tunnel (Inbound)",Hawaii,"Interstate Highway",21.4021,-157.856,1994,0,2,47400,2370,10,0,1,1,Interstate,6336,0,1,Rectangular,"Mixed Face",6
209,003000H30200545,"Harano Tunnel (Outbound)",Hawaii,"Interstate Highway",21.4048,-157.856,1994,0,2,47400,2370,10,0,1,1,Interstate,6336,0,1,Rectangular,"Mixed Face",4
210,003000H30200786,"Hospital Rock Tunnel (Inbound)",Hawaii,"Interstate Highway",21.4016,-157.815,1992,0,2,46533,2327,10,0,1,1,Interstate,351,0,1,Rectangular,"Mixed Face",2
211,003000H30200787,"Hospital Rock Tunnel (Outbound)",Hawaii,"Interstate Highway",21.402,-157.815,1992,0,3,46533,2327,10,0,1,1,Interstate,354,0,1,Rectangular,"Mixed Face",2
212,3800B02,"Holland Tunnel","New Jersey","Interstate Highway",40.7272,-74.0214,1927,0,4,85318,2444,22,1,1,1,Interstate,8556,1,2,Rectangular,"Mixed Face",12
213,3800B03,"Lincoln  Tunnel","New Jersey","Interstate Highway",40.762,-74.0088,1937,0,6,102964,5716,25,1,1,1,Interstate,8216,1,3,Rectangular,"Mixed Face",13
214,3800B04,"GWB LL Tunnel","New Jersey","Interstate Highway",40.8533,-73.9625,1962,0,6,268692,0,2,2,1,0,Interstate,630,0,2,Rectangular,"Mixed Face",6
215,MTA000N3204,"Queens Midtown Tunnel","New York","Interstate Highway",40.7415,73.9541,1940,2017,4,79526,6120,999,1,1,1,Interstate,6272,1,2,Rectangular,"Mixed Face",17
216,MTA000N3205,"Hugh L. Carey Tunnel","New York","Interstate Highway",40.7053,74.0153,1950,2017,4,55768,3900,999,1,1,1,Interstate,9137,1,2,Rectangular,"Mixed Face",20
217,PANYNJN3202,"Holland Tunnel","New York","Interstate Highway",40.7272,74.0214,1927,0,4,85318,2444,22,1,1,1,Interstate,8556,1,2,Rectangular,"Mixed Face",12
218,PANYNJN3301,"Lincoln  Tunnel","New York","Interstate Highway",40.762,74.0088,1937,0,6,102964,5716,25,1,1,1,Interstate,8216,1,3,Rectangular,"Mixed Face",13
219,53C0621,"Malibu Canyon Tunnel",California,"County Highway",34.0693,-118.708,1952,0,2,20753,415,25,0,0,0,"Minor Collector",558,0,1,Rectangular,"Mixed Face",0
220,0000000000T0037,"CM&PS Tunnel 37; Herrick",Idaho,"County Highway",47.27,-116.257,1909,0,1,100,5,10,0,0,0,"Minor Collector",515,0,1,Rectangular,"Mixed Face",2
221,4,"Scovel Johnson Tunnel","South Dakota","U.S. Numbered Highway",43.8598,-103.431,1933,0,1,513,7,3,0,0,0,"Minor Arterial",52,0,1,Horseshoe,Rock,1
222,5,"C.C. Gideon Tunnel","South Dakota","U.S. Numbered Highway",43.8622,-103.438,1933,0,1,393,9,3,0,0,0,"Minor Arterial",130,0,1,Horseshoe,Rock,1
223,6,"Doane Robinson Tunnel","South Dakota","U.S. Numbered Highway",43.8681,-103.434,1933,0,1,393,9,3,0,0,0,"Minor Arterial",164,0,1,Horseshoe,Rock,1
224,7,"Miner's Gateway Tunnel","South Dakota","U.S. Numbered Highway",43.9012,-103.43,1933,1988,2,3654,87,0,0,0,0,"Minor Arterial",77,0,1,Horseshoe,Rock,2
225,T-MKA,"Wildlife Overpass",Wyoming,"U.S. Numbered Highway",49.9683,-110.189,2012,0,2,1997,160,99,0,1,0,"Minor Arterial",152,0,1,Horseshoe,Rock,1
226,T-MKB,"Wildlife Overpass",Wyoming,"U.S. Numbered Highway",42.8817,-109.979,2012,0,2,2469,222,99,0,1,0,"Minor Arterial",152,0,1,Horseshoe,Rock,0
227,1130,"Water Street Tunnel",Alaska,"State Highway",55.3432,-131.645,1954,0,1,9814,589,2,0,1,0,"Minor Arterial",275,0,1,Horseshoe,Rock,2
228,1963,"Portage Creek Tunnel",Alaska,"State Highway",60.7857,-148.84,1998,0,2,836,8,999,0,1,0,"Minor Arterial",445,0,1,Horseshoe,Rock,5
229,2038,"Anton Anderson Tunnel",Alaska,"State Highway",60.7831,-148.769,2000,0,1,836,9,999,1,1,0,"Minor Arterial",13300,0,1,Horseshoe,Rock,10
230,1,"Iron Creek Tunnel","South Dakota","State Highway",43.8202,-103.491,1919,0,1,564,46,1,0,0,0,"Minor Arterial",88,0,1,Horseshoe,Rock,16
231,2,"Needles Eye Tunnel","South Dakota","State Highway",43.8418,-103.541,1919,0,1,564,46,1,0,0,0,"Minor Arterial",191,0,1,Horseshoe,Rock,1
232,3,"Hood Tunnel","South Dakota","State Highway",43.8472,-103.578,1919,0,1,537,53,11,0,0,0,"Minor Arterial",45,0,1,Horseshoe,Rock,1
233,20T555,"ARMSTRONG TUNNEL","West Virginia","County Highway",38.3638,-81.8483,1900,0,1,1600,80,6,0,0,0,"Minor Arterial",523,0,1,Horseshoe,Rock,3
234,D-27-MP-220,"Red Rocks",Colorado,"City Street",39.6691,-105.206,1940,0,2,665,0,124,0,0,0,Local,55,0,1,Horseshoe,Rock,1
235,50005,"HART PLAZA",Michigan,"City Street",42.3265,-83.0451,1976,0,2,2500,50,1,0,0,0,Local,596,0,1,Horseshoe,Rock,9
236,51C32,"Rocky Butte Tunnel",Oregon,"City Street",45.5456,-122.568,1939,0,2,583,17,9,0,0,0,Local,400,0,1,Horseshoe,Rock,1
237,B-15-E,Mishawaka,Colorado,"State Highway",40.6939,-105.375,1929,0,2,1200,144,19,0,0,0,Local,95,0,1,Horseshoe,Rock,3
238,088BT0001N,711,Kentucky,"State Highway",38.0382,-83.3026,1930,0,2,135,20,8,0,0,0,Local,45,0,1,Horseshoe,Rock,0
239,105BT0001N,NULL,Kentucky,"State Highway",38.3446,-84.5296,1950,0,1,135,4,6,0,0,0,Local,226,0,1,Horseshoe,Rock,2
240,CHA371-02.50,NULL,Colorado,"County Highway",38.8758,-106.145,1887,0,1,232,5,15,0,0,0,Local,40,0,1,Horseshoe,Rock,2
241,CHA371-02.52,NULL,Colorado,"County Highway",38.876,-106.146,1887,0,1,232,5,15,0,0,0,Local,115,0,1,Horseshoe,Rock,2
242,CHA371-02.55,NULL,Colorado,"County Highway",38.8765,-106.146,1887,0,1,232,5,15,0,0,0,Local,165,0,1,Horseshoe,Rock,2
243,CHA371-02.80,NULL,Colorado,"County Highway",38.8802,-106.148,1887,0,1,232,5,15,0,0,0,Local,65,0,1,Horseshoe,Rock,2
244,CSG-C.40-05.85T,NULL,Colorado,"County Highway",38.7941,-104.898,1901,0,1,300,0,7,0,0,0,Local,184,0,1,Horseshoe,Rock,2
245,CSG-D.09-06.19T,NULL,Colorado,"County Highway",38.7981,-104.886,1901,0,1,300,0,7,0,0,0,Local,315,0,1,Horseshoe,Rock,2
246,"FRCO 67-317",NULL,Colorado,"County Highway",38.5196,-105.125,1894,0,1,96,NULL,41,0,0,0,Local,155,0,1,Horseshoe,Rock,2
247,"FRCO 67-318",NULL,Colorado,"County Highway",38.5473,-105.105,1894,0,1,96,NULL,41,0,0,0,Local,249,0,1,Horseshoe,Rock,2
248,025CT0001N,Ruckerville,Kentucky,"County Highway",37.9438,-84.1208,1950,0,1,497,53,1,0,0,0,Local,93,0,1,Horseshoe,Rock,2
249,061CT0001N,"Emanuel Hollow",Kentucky,"County Highway",36.9083,-83.9303,1950,0,1,203,19,5,0,0,0,Local,160,0,1,Horseshoe,Rock,1
250,064CT0001N,"Walbridge Rd.",Kentucky,"County Highway",38.0784,-82.6021,1930,0,1,10,NULL,999,0,0,0,Local,164,0,1,Horseshoe,Rock,2
251,24T043,"Twin Branch Tunnel","West Virginia","County Highway",37.4762,-81.6705,1890,0,1,554,33,2,0,0,0,Local,190,0,1,Horseshoe,Rock,2
252,28T026,"Bluefield Tunnel","West Virginia","County Highway",37.259,-81.2531,1882,0,1,1330,26,5,0,0,0,Local,92,0,1,Horseshoe,Rock,1
253,T05015100000001,"Mueller Tunnel",California,"Federal Lands Road",34.241,-118.096,1942,0,1,1,0,999,0,0,0,Local,220,0,1,Horseshoe,Rock,2
254,1378001P0000000,"RIM ROCK DRIVE TUNNEL #1",Colorado,"Federal Lands Road",39.1128,-108.736,1936,0,2,1500,225,30,0,0,0,Local,236,0,1,Horseshoe,Rock,2
255,1378002P0000000,"RIM ROCK DRIVE TUNNEL #2",Colorado,"Federal Lands Road",39.1149,-108.736,1936,0,2,1500,225,30,0,0,0,Local,185,0,1,Horseshoe,Rock,2
256,1378003P0000000,"RIM ROCK DRIVE TUNNEL #3",Colorado,"Federal Lands Road",39.0326,-108.647,1936,0,2,1500,225,30,0,0,0,Local,530,0,1,Horseshoe,Rock,2
257,1490001P0000000,"CHAPIN MESA ROAD TUNNEL",Colorado,"Federal Lands Road",37.2849,-108.424,1958,0,2,900,80,199,0,0,0,Local,1478,0,1,Horseshoe,Rock,3
258,T02120900000002,"Gold Camp #1",Colorado,"Federal Lands Road",38.7983,-104.886,1901,0,1,300,0,7,0,0,0,Local,315,0,1,Horseshoe,Rock,2
259,T02120900000003,"Gold Camp #2",Colorado,"Federal Lands Road",38.7944,-104.898,1901,0,1,300,0,7,0,0,0,Local,184,0,1,Horseshoe,Rock,2
260,T02121000000004,"11 Mile #1",Colorado,"Federal Lands Road",38.9319,-105.414,1940,0,1,150,0,999,0,0,0,Local,122,0,1,Horseshoe,Rock,2
261,T02121000000005,"11 Mile #2",Colorado,"Federal Lands Road",38.9086,-105.46,1940,0,1,150,0,999,0,0,0,Local,68,0,1,Horseshoe,Rock,2
262,T02121000000006,"11 Mile #3",Colorado,"Federal Lands Road",38.9158,-105.449,1940,0,1,150,0,999,0,0,0,Local,126,0,1,Horseshoe,Rock,2
263,3450017P0000000,"ZOO TUNNEL","District of Columbia","Federal Lands Road",38.925,-77.0467,1964,0,2,28795,288,2,0,1,0,Local,801,0,1,Horseshoe,Rock,3
264,3100052P0000000,"CARDEROCK TUNNEL",Maryland,"Federal Lands Road",38.9731,-77.1982,1955,0,2,10,1,0,0,0,0,Local,122,0,1,Horseshoe,Rock,1
265,T01160700000003,"Dominion Tunnel No. 19",Montana,"Federal Lands Road",47.403,-115.595,1910,1998,1,5,0,8,0,0,0,Local,474,0,1,Horseshoe,Rock,2
266,T01160700000004,Borax,Montana,"Federal Lands Road",47.4331,-115.66,1910,2010,1,5,0,14,0,0,0,Local,642,0,1,Horseshoe,Rock,2
267,T03100300000001,"Gilman Tunnel #1","New Mexico","Federal Lands Road",35.7335,-106.765,1924,0,1,521,0,999,0,0,0,Local,140,0,1,Horseshoe,Rock,2
268,T03100300000002,"Gilman Tunnel #2","New Mexico","Federal Lands Road",35.7344,-106.765,1924,0,1,521,0,999,0,0,0,Local,135,0,1,Horseshoe,Rock,2
269,5460085P0000000,"GATLINBURG TUNNEL",Tennessee,"Federal Lands Road",35.7447,-83.5185,1958,1993,2,4342,45,20,0,0,0,Local,873,0,1,Horseshoe,Rock,2
270,9500026P0000000,"NORTH TUNNEL (HURRICANE)",Washington,"Federal Lands Road",48.0106,-123.373,1955,0,2,500,25,199,0,0,0,Local,405,0,1,Horseshoe,Rock,2
271,9500027P0000000,"MIDDLE TUNNEL (HURRICANE)",Washington,"Federal Lands Road",48.0095,-123.374,1955,0,2,500,25,199,0,0,0,Local,293,0,1,Horseshoe,Rock,1
272,9500028P0000000,"SOUTH TUNNEL (HURRICANE)",Washington,"Federal Lands Road",48.0078,-123.376,1955,0,2,500,25,199,0,0,0,Local,515,0,1,Horseshoe,Rock,3
273,LRHWVROCKYBEND1,"Rocky Bend Access Tunnel","West Virginia","Federal Lands Road",37.6119,-81.7381,1950,1986,1,15,0,1,0,0,0,Local,1260,0,1,Horseshoe,Rock,4
274,22476,"Owyhee Tunnel, Owyhee Lake Rd",Oregon,Other,43.6747,-117.223,1929,0,1,20,0,124,0,0,0,Local,200,0,1,Horseshoe,Rock,1
275,53C0164,"Sepulveda Blvd Tunnel",California,"City Street",34.1288,-118.48,1929,0,3,27933,559,5,0,1,0,"Principal Arterial - Other",645,0,1,Horseshoe,Rock,1
276,51C26,"W Burnside Tunnel",Oregon,"City Street",45.5194,-122.729,1940,0,2,18746,937,1,0,0,0,"Principal Arterial - Other",230,0,1,Horseshoe,Rock,1
277,1V1668,"SR-189EB Tunnel at Wildwood in Provo Canyon",Utah,"U.S. Numbered Highway",40.3628,-111.561,1997,0,2,14700,46,1,0,1,0,"Principal Arterial - Other",294,0,1,Horseshoe,Rock,8
278,3V1668,"SR-189WB Tunnel at Wildwood in Provo Canyon",Utah,"U.S. Numbered Highway",40.3631,-111.56,1997,0,2,14700,46,1,0,1,0,"Principal Arterial - Other",368,0,1,Horseshoe,Rock,7
279,T-BKL,"Wind River Canyon Tunnel - No. 1",Wyoming,"U.S. Numbered Highway",43.4445,-108.17,1947,0,2,2717,408,99,0,1,0,"Principal Arterial - Other",330,0,1,Horseshoe,Rock,1
280,T-BZQ,"Buffalo Bill Tunnel No. 1",Wyoming,"U.S. Numbered Highway",44.5018,-109.186,1960,0,2,2229,89,99,0,1,0,"Principal Arterial - Other",3202,0,1,Horseshoe,Rock,4
281,T-BZR,"Buffalo Bill Tunnel No. 2",Wyoming,"U.S. Numbered Highway",44.5087,-109.175,1960,0,2,2229,89,99,0,1,0,"Principal Arterial - Other",196,0,1,Horseshoe,Rock,3
282,T-BZS,"Buffalo Bill Tunnel No. 3",Wyoming,"U.S. Numbered Highway",44.509,-109.174,1960,0,2,2229,89,99,0,1,0,"Principal Arterial - Other",267,0,1,Horseshoe,Rock,4
283,T-CBY,"Wind River Canyon Tunnel No. 2",Wyoming,"U.S. Numbered Highway",43.446,-108.169,1947,0,2,2717,408,99,0,1,0,"Principal Arterial - Other",225,0,1,Horseshoe,Rock,0
284,T-CBZ,"Wind River Canyon Tunnel No. 3",Wyoming,"U.S. Numbered Highway",43.4475,-108.169,1947,0,2,2717,408,99,0,1,0,"Principal Arterial - Other",256,0,1,Horseshoe,Rock,0
285,TU00773,"Heroes Tunnel",Connecticut,"State Highway",41.3439,-72.9714,1949,0,4,77300,0,5,0,1,0,"Principal Arterial - Other",1200,0,2,Horseshoe,Rock,10
286,871071,"SR 887 Port of Miami Tunnel",Florida,"State Highway",25.7858,-80.176,2014,0,4,28869,1732,1,0,1,1,"Principal Arterial - Other",3980,1,2,Horseshoe,Rock,4
287,056BT0002N,"East End",Kentucky,"State Highway",38.3243,-85.621,2016,0,4,21300,2556,1,2,1,0,"Principal Arterial - Other",1680,0,2,Horseshoe,Rock,1
288,38003,"LAFAYETTE BLUFF TUNNEL",Minnesota,"State Highway",47.0956,91.5521,1989,0,2,4650,372,3,0,1,1,"Principal Arterial - Other",852,0,1,Horseshoe,Rock,3
289,38005,"SILVER CREEK CLIFF TUNNEL",Minnesota,"State Highway",47.0678,91.5942,1992,0,2,4650,372,3,0,1,1,"Principal Arterial - Other",1344,0,1,Horseshoe,Rock,4
290,NYSDOT84101,"Breakneck Tunnel","New York","State Highway",41.4412,73.9755,1932,1972,2,5280,528,12,0,0,0,"Principal Arterial - Other",583,0,1,Horseshoe,Rock,4
291,"0V  55","Rock Tunnel in Red Canyon",Utah,"State Highway",37.7409,-112.3,1914,0,2,2460,541,79,0,1,0,"Principal Arterial - Other",18,0,1,Horseshoe,Rock,2
292,"0V  56","Second Rock Tunnel in Red Canyon",Utah,"State Highway",37.7406,-112.298,1914,0,2,2460,529,79,0,1,0,"Principal Arterial - Other",52,0,1,Horseshoe,Rock,3
293,25B125,"Cornell Tunnel #1, NW Cornell Rd",Oregon,"City Street",45.5312,-122.716,1940,0,2,7776,389,8,0,0,0,"Major Collector",497,0,1,Horseshoe,Rock,2
294,25B127,"Cornell Tunnel #2, (West), NW Cornell Rd",Oregon,"City Street",45.5286,-122.722,1941,0,2,7776,389,8,0,0,0,"Major Collector",247,0,1,Horseshoe,Rock,2
295,"5230-015P 00000","CUMBERLAND GAP TUNNEL",Kentucky,"State Highway",36.6031,-83.6843,1996,0,4,6000,600,99,0,0,0,"Major Collector",4860,0,2,Horseshoe,Rock,3
296,46TUSR13301,"BACKBONE ROCK TUNNEL",Tennessee,"State Highway",36.5974,81.815,1901,0,2,460,18,4,0,0,0,"Major Collector",16,0,1,Horseshoe,Rock,2
297,30T015,"Historic Dingess Tunnel","West Virginia","County Highway",37.869,-82.1785,1914,0,1,800,56,34,0,0,0,"Major Collector",3330,0,1,Horseshoe,Rock,2
298,30T019,"Breeden Tunnel","West Virginia","County Highway",37.9126,-82.2526,1883,0,1,600,53,30,0,0,0,"Major Collector",355,0,1,Horseshoe,Rock,0
299,F-15-AW,"Clear Creek No. 3",Colorado,"U.S. Numbered Highway",39.7415,-105.329,1957,0,2,11000,660,12,0,0,0,"Principal Arterial - Freeways and Expressways",769,0,1,Horseshoe,Rock,3
300,F-15-AX,"Clear Creek No. 2",Colorado,"U.S. Numbered Highway",39.7396,-105.322,1941,0,2,11000,660,12,0,0,0,"Principal Arterial - Freeways and Expressways",1068,0,1,Horseshoe,Rock,3
301,F-15-AY,"Clear Creak No. 1",Colorado,"U.S. Numbered Highway",39.7451,-105.251,1951,0,2,11000,660,12,0,0,0,"Principal Arterial - Freeways and Expressways",883,0,1,Horseshoe,Rock,3
302,F-15-X,"Clear Creek No. 6",Colorado,"U.S. Numbered Highway",39.7398,-105.414,1939,0,2,4200,378,12,0,0,0,"Principal Arterial - Freeways and Expressways",590,0,1,Horseshoe,Rock,5
303,F-15-Y,"Clear Creek No. 5",Colorado,"U.S. Numbered Highway",39.7436,-105.406,1939,0,2,4200,378,12,0,0,0,"Principal Arterial - Freeways and Expressways",411,0,1,Horseshoe,Rock,3
304,L-06-P,"Bear Creek",Colorado,"U.S. Numbered Highway",38.0032,-107.662,1942,1999,2,2200,286,124,0,1,1,"Principal Arterial - Freeways and Expressways",125,0,1,Horseshoe,Rock,4
305,N-09-F,"Wolf Creek",Colorado,"U.S. Numbered Highway",37.5463,-106.773,2004,0,2,3200,512,124,0,1,1,"Principal Arterial - Freeways and Expressways",1048,0,1,Horseshoe,Rock,10
306,"T 179W","Cave Rock WB",Nevada,"U.S. Numbered Highway",39.0464,119.949,1931,2016,2,5000,150,1,0,1,1,"Principal Arterial - Freeways and Expressways",231,0,1,Horseshoe,Rock,1
307,"T 701E","Cave Rock EB",Nevada,"U.S. Numbered Highway",39.0465,119.948,1959,0,2,5000,0,1,0,1,1,"Principal Arterial - Freeways and Expressways",400,0,1,Horseshoe,Rock,1
308,09103B,"Vista Ridge Tunnel, Hwy 47 WB",Oregon,"U.S. Numbered Highway",45.516,-122.697,1970,0,3,11800,354,1,0,1,0,"Principal Arterial - Freeways and Expressways",1048,0,1,Horseshoe,Rock,1
309,T1,NULL,Arkansas,"Interstate Highway",35.7643,94.1898,1998,0,4,20000,5200,1,0,1,1,Interstate,1594,0,2,Horseshoe,Rock,5
310,F-07-Q,"No Name (WB)",Colorado,"Interstate Highway",39.5611,-107.309,1965,0,2,15000,2250,1,0,1,1,Interstate,1046,0,1,Horseshoe,Rock,5
311,F-07-R,"No Name (EB)",Colorado,"Interstate Highway",39.5609,-107.309,1965,0,2,15000,2250,1,0,1,1,Interstate,1046,0,1,Horseshoe,Rock,4
312,F-08-AP,"Hanging Lake (EB)",Colorado,"Interstate Highway",39.5867,-107.194,1992,0,2,14000,2100,1,0,1,1,Interstate,4035,0,1,Horseshoe,Rock,17
313,F-08-AQ,"Hanging Lake (WB)",Colorado,"Interstate Highway",39.5868,-107.194,1992,0,2,14000,2100,1,0,1,1,Interstate,3941,0,1,Horseshoe,Rock,17
314,F-08-AT,"Reverse Curve",Colorado,"Interstate Highway",39.6022,-107.163,1989,0,2,14000,2100,1,0,1,1,Interstate,635,0,1,Horseshoe,Rock,4
315,F-13-X,"Johnson Tunnel",Colorado,"Interstate Highway",39.6786,-105.935,1979,0,2,29000,2900,1,0,1,1,Interstate,8877,0,1,Horseshoe,Rock,23
316,F-13-Y,"Eisenhower Tunnel",Colorado,"Interstate Highway",39.6789,-105.935,1973,0,2,29000,2900,1,0,1,1,Interstate,8856,0,1,Horseshoe,Rock,21
317,F-15-DM,"Veterans Memorial (WB)",Colorado,"Interstate Highway",39.7446,-105.477,2015,0,2,49000,4410,1,0,1,1,Interstate,819,0,1,Horseshoe,Rock,4
318,F-15-DN,"Veterans Memorial (EB)",Colorado,"Interstate Highway",39.7444,-105.476,2015,0,3,49000,4410,1,0,1,1,Interstate,749,0,1,Horseshoe,Rock,4
319,H-03-BT,"Beavertail (WB)",Colorado,"Interstate Highway",39.1957,-108.271,1986,0,2,16000,2400,1,0,1,1,Interstate,675,0,1,Horseshoe,Rock,7
320,H-03-BU,"Beavertail (EB)",Colorado,"Interstate Highway",39.1954,-108.271,1986,0,2,16000,2400,1,0,1,1,Interstate,684,0,1,Horseshoe,Rock,7
321,056BT0001N,"Cochran Hill",Kentucky,"Interstate Highway",38.2432,-85.6955,1970,0,4,79308,7930,1,0,1,1,Interstate,440,0,2,Horseshoe,Rock,4
322,T1110E,"Carlin Canyon EB",Nevada,"Interstate Highway",40.7226,116.016,1973,2014,2,5500,1705,1,0,1,1,Interstate,1426,0,1,Horseshoe,Rock,3
323,T1110W,"Carlin Canyon WB",Nevada,"Interstate Highway",40.7228,116.016,1973,2014,2,5500,1705,1,0,1,1,Interstate,1361,0,1,Horseshoe,Rock,3
324,VDOT00000000001,"Big Walker Mountain Tunnel",Virginia,"Interstate Highway",37.0353,-81.1259,1972,0,4,30000,6600,29,0,1,1,Interstate,4228,0,2,Horseshoe,Rock,12
325,VDOT00000000002,"East River Mountain Tunnel",Virginia,"Interstate Highway",37.267,-81.1218,1974,0,4,30000,6600,13,0,1,1,Interstate,5661,0,2,Horseshoe,Rock,16
326,28T500,"East River Mountain Tunnel","West Virginia","Interstate Highway",37.2825,-81.1251,1974,0,4,29000,6380,13,0,1,1,Interstate,5661,0,2,Horseshoe,Rock,16
327,35T129,"Wheeling Tunnel","West Virginia","Interstate Highway",40.0724,-80.7225,1966,0,4,40500,5670,1,0,1,1,Interstate,1518,0,2,Horseshoe,Rock,12
328,T-API,"Green River Tunnel - EBL",Wyoming,"Interstate Highway",41.5357,-109.468,1966,0,2,7376,3245,0,0,1,1,Interstate,1138,0,1,Horseshoe,Rock,5
329,T-APJ,"Green River Tunnel - WBL",Wyoming,"Interstate Highway",41.5359,-109.69,1966,0,2,7376,3245,0,0,1,1,Interstate,1132,0,1,Horseshoe,Rock,5
330,D-15-AS,"Boulder Canyon",Colorado,"State Highway",40.0056,-105.335,1953,0,2,3900,234,14,0,0,0,"Minor Collector",350,0,1,Horseshoe,Rock,4
331,096BT0001N,Butler,Kentucky,"State Highway",38.7858,-84.3666,1930,0,1,2579,180,13,0,0,0,"Minor Collector",58,0,1,Horseshoe,Rock,2
332,1590012P0000000,"ZION - MOUNT CARMEL TUNNEL",Utah,"State Highway",37.2104,-112.96,1930,0,2,2000,400,199,0,1,0,"Minor Collector",5613,0,1,Horseshoe,Rock,5
333,1590013P0000000,"SHORT TUNNEL",Utah,"State Highway",37.2175,-112.924,1930,1993,2,2000,400,199,0,1,0,"Minor Collector",487,0,1,Horseshoe,Rock,0
334,8140003P0000000,"BAKER-BARRY TUNNEL",California,"Federal Lands Road",37.8392,-122.486,1918,1994,1,600,36,10,0,0,0,"Minor Collector",2690,0,1,Horseshoe,Rock,2
335,8800031P0000000,"WAWONA TUNNEL",California,"Federal Lands Road",37.7156,-119.678,1930,0,2,2000,20,199,0,1,0,"Minor Collector",4237,0,1,Horseshoe,Rock,3
336,8800032P0000000,"BIG OAK FLAT TUNNEL #1",California,"Federal Lands Road",37.7233,-119.698,1930,0,2,1500,15,199,0,1,0,"Minor Collector",366,0,1,Horseshoe,Rock,1
337,8800033P0000000,"BIG OAK FLAT TUNNEL #2",California,"Federal Lands Road",37.7255,-119.704,1930,0,2,1500,15,199,0,1,0,"Minor Collector",222,0,1,Horseshoe,Rock,4
338,8800034P0000000,"BIG OAK FLAT TUNNEL #3",California,"Federal Lands Road",37.7226,-119.719,1930,0,2,1500,15,199,0,1,0,"Minor Collector",2083,0,1,Horseshoe,Rock,4
339,3100019P0000000,"FLETCHERS BOATHOUSE TUNNEL","District of Columbia","Federal Lands Road",38.9199,-77.1015,1910,1930,1,50,2,99,0,0,0,"Minor Collector",149,0,1,Horseshoe,Rock,1
340,T01040200000001,Fishhook,Idaho,"Federal Lands Road",47.2028,-115.845,1931,0,1,26,10,24,0,0,0,"Minor Collector",420,0,1,Horseshoe,Rock,2
341,T01040200000002,21,Idaho,"Federal Lands Road",47.3609,-115.668,1910,0,1,5,2,51,0,0,0,"Minor Collector",764,0,1,Horseshoe,Rock,2
342,3100020P0000000,"FOUR LOCKS TUNNEL",Maryland,"Federal Lands Road",39.6164,-77.9479,1910,0,1,10,1,99,0,0,0,"Minor Collector",108,0,1,Horseshoe,Rock,0
343,3100021P0000000,"McCOYS FERRY TUNNEL",Maryland,"Federal Lands Road",39.6086,-77.9703,1920,1999,1,50,5,99,0,0,0,"Minor Collector",110,0,1,Horseshoe,Rock,0
344,1430036P0000000,"WEST TUNNEL",Montana,"Federal Lands Road",48.7512,-113.789,1934,1966,2,1500,225,99,0,0,0,"Minor Collector",195,0,1,Horseshoe,Rock,3
345,1430037P0000000,"EAST TUNNEL",Montana,"Federal Lands Road",48.697,-113.698,1934,0,2,1000,100,99,0,0,0,"Minor Collector",395,0,1,Horseshoe,Rock,3
346,5140134P0000000,"LITTLE SWITZERLAND TUNNEL","North Carolina","Federal Lands Road",35.8521,-82.0869,1938,1992,2,5007,50,30,0,0,0,"Minor Collector",575,0,1,Horseshoe,Rock,4
347,5140135P0000000,"WILDACRES TUNNEL","North Carolina","Federal Lands Road",35.83,-82.1174,1940,1990,2,5007,50,30,0,0,0,"Minor Collector",350,0,1,Horseshoe,Rock,3
348,5140136P0000000,"TWIN TUNNEL #1","North Carolina","Federal Lands Road",35.764,-82.169,1938,1990,2,5007,50,40,0,0,0,"Minor Collector",350,0,1,Horseshoe,Rock,5
349,5140137P0000000,"TWIN TUNNEL #2","North Carolina","Federal Lands Road",35.7613,-82.1708,1938,1992,2,5007,50,40,0,0,0,"Minor Collector",407,0,1,Horseshoe,Rock,6
350,5140138P0000000,"ROUGH RIDGE TUNNEL","North Carolina","Federal Lands Road",35.7272,-82.2073,1938,1990,2,5007,50,40,0,0,0,"Minor Collector",182,0,1,Horseshoe,Rock,3
351,5140139P0000000,"CRAGGY PINNACLE TUNNEL","North Carolina","Federal Lands Road",35.7012,-82.3763,1941,1992,2,5007,50,40,0,0,0,"Minor Collector",246,0,1,Horseshoe,Rock,4
352,5140140P0000000,"CRAGGY FLATS TUNNEL","North Carolina","Federal Lands Road",35.6879,-82.3835,1941,1990,2,5007,50,40,0,0,0,"Minor Collector",403,0,1,Horseshoe,Rock,4
353,5140141P0000000,"TANBARK RIDGE TUNNEL","North Carolina","Federal Lands Road",35.6627,-82.4609,1962,1990,2,5007,50,40,0,0,0,"Minor Collector",843,0,1,Horseshoe,Rock,4
354,5140142P0000000,"GRASSY KNOB TUNNEL","North Carolina","Federal Lands Road",35.4702,-82.6222,1961,1985,2,5007,50,40,0,0,0,"Minor Collector",802,0,1,Horseshoe,Rock,2
355,5140143P0000000,"PINE MOUNTAIN TUNNEL","North Carolina","Federal Lands Road",35.4503,-82.6421,1963,1985,2,5007,50,40,0,0,0,"Minor Collector",1462,0,1,Horseshoe,Rock,2
356,5140144P0000000,"FERRIN KNOB TUNNEL #1","North Carolina","Federal Lands Road",35.4552,-82.6666,1963,1985,2,5007,50,40,0,0,0,"Minor Collector",605,0,1,Horseshoe,Rock,2
357,5140145P0000000,"FERRIN KNOB TUNNEL #2","North Carolina","Federal Lands Road",35.4557,-82.674,1963,1985,2,5007,50,40,0,0,0,"Minor Collector",457,0,1,Horseshoe,Rock,2
358,5140146P0000000,"FERRIN KNOB TUNNEL #3","North Carolina","Federal Lands Road",35.4543,-82.6755,1963,1986,2,5007,50,40,0,0,0,"Minor Collector",402,0,1,Horseshoe,Rock,2
359,5140147P0000000,"YOUNG PISGAH RIDGE TUNNEL","North Carolina","Federal Lands Road",35.4556,-82.6994,1963,1985,2,5007,50,50,0,0,0,"Minor Collector",418,0,1,Horseshoe,Rock,2
360,5140148P0000000,"FORK MOUNTAIN TUNNEL","North Carolina","Federal Lands Road",35.4501,-82.7146,1963,1985,2,5007,50,50,0,0,0,"Minor Collector",392,0,1,Horseshoe,Rock,2
361,5140149P0000000,"LITTLE PISGAH RIDGE TUNNEL","North Carolina","Federal Lands Road",35.4222,-82.7419,1964,1985,2,5007,50,50,0,0,0,"Minor Collector",583,0,1,Horseshoe,Rock,2
362,5140150P0000000,"BUCK SPRING TUNNEL","North Carolina","Federal Lands Road",35.4181,-82.7469,1964,1985,2,5007,50,50,0,0,0,"Minor Collector",468,0,1,Horseshoe,Rock,2
363,5140151P0000000,"FRYING PAN TUNNEL","North Carolina","Federal Lands Road",35.3915,-82.7736,1962,1985,2,1878,340,50,0,0,0,"Minor Collector",582,0,1,Horseshoe,Rock,2
364,5140152P0000000,"DEVILS COURTHOUSE TUNNEL","North Carolina","Federal Lands Road",35.3057,-82.8937,1941,1986,2,1878,340,35,0,0,0,"Minor Collector",721,0,1,Horseshoe,Rock,2
365,5140153P0000000,"PINNACLE RIDGE TUNNEL","North Carolina","Federal Lands Road",35.4338,-83.0331,1945,1962,2,1878,340,35,0,0,0,"Minor Collector",859,0,1,Horseshoe,Rock,1
366,5140154P0000000,"LICKSTONE RIDGE TUNNEL","North Carolina","Federal Lands Road",35.5078,-83.1876,1946,1958,2,1878,340,20,0,0,0,"Minor Collector",406,0,1,Horseshoe,Rock,2
367,5140155P0000000,"BUNCHES BALD TUNNEL","North Carolina","Federal Lands Road",35.5138,-83.1928,1947,1958,2,1878,340,20,0,0,0,"Minor Collector",290,0,1,Horseshoe,Rock,2
368,5140156P0000000,"BIG WITCH TUNNEL","North Carolina","Federal Lands Road",35.5178,-83.2148,1947,1958,2,1878,340,20,0,0,0,"Minor Collector",353,0,1,Horseshoe,Rock,1
369,5140157P0000000,"RATTLESNAKE MOUNTAIN TUNNEL","North Carolina","Federal Lands Road",35.5202,-83.2691,1958,0,2,1878,340,20,0,0,0,"Minor Collector",415,0,1,Horseshoe,Rock,1
370,5140158P0000000,"SHERILL COVE TUNNEL","North Carolina","Federal Lands Road",35.5124,-83.2708,1958,0,2,1878,340,20,0,0,0,"Minor Collector",590,0,1,Horseshoe,Rock,1
371,5460003P0000000,"CHIMNEY TOPS TUNNEL",Tennessee,"Federal Lands Road",35.6364,-83.4724,1937,2001,2,2364,0,80,0,1,0,"Minor Collector",253,0,1,Horseshoe,Rock,1
372,5460009P0000000,"MORTON MOUNTAIN TUNNEL",Tennessee,"Federal Lands Road",35.6169,-83.4201,1937,2002,2,3388,0,80,0,1,0,"Minor Collector",274,0,1,Horseshoe,Rock,1
373,5460016P0000000,"BOTE MOUNTAIN TUNNEL",Tennessee,"Federal Lands Road",35.6496,-83.7152,1948,0,2,3060,0,50,0,0,0,"Minor Collector",121,0,1,Horseshoe,Rock,2
374,7130005P0000000,"RIO GRANDE OVERLOOK TUNNEL",Texas,"Federal Lands Road",29.2022,-102.976,1959,0,2,200,5,199,0,0,0,"Minor Collector",301,0,1,Horseshoe,Rock,0
375,4290033P0000000,"WILLIAMSBURG TUNNEL",Virginia,"Federal Lands Road",37.2731,-76.6993,1942,0,2,5076,50,1,0,0,0,"Minor Collector",1190,0,1,Horseshoe,Rock,3
376,4840004P0000000,"MARYS ROCK TUNNEL",Virginia,"Federal Lands Road",38.6546,-78.3121,1959,1993,2,1400,0,40,1,0,0,"Minor Collector",583,0,1,Horseshoe,Rock,2
377,5140133P0000000,"BLUFF MOUNTAIN TUNNEL",Virginia,"Federal Lands Road",37.6656,-79.322,1957,1998,2,474,0,25,0,0,0,"Minor Collector",630,0,1,Horseshoe,Rock,2
378,9450008P0000000,"STEVENS CANYON ROAD TUNNEL #1",Washington,"Federal Lands Road",46.7634,-121.664,1955,0,2,1500,225,199,0,0,0,"Minor Collector",278,0,1,Horseshoe,Rock,3
379,9450023P0000000,"STEVENS CANYON ROAD TUNNEL #2",Washington,"Federal Lands Road",46.7618,-121.638,1952,0,2,1500,225,199,0,0,0,"Minor Collector",177,0,1,Horseshoe,Rock,4
380,9450041P0000000,"SR 123 TUNNEL",Washington,"Federal Lands Road",46.8465,-121.527,1935,0,2,1500,225,199,0,0,0,"Minor Collector",508,0,1,Horseshoe,Rock,3
381,6700001P0000000,"TUNNEL #1",Nebraska,Other,41.8315,-103.71,1938,1990,2,75,8,199,0,0,0,"Minor Collector",145,0,1,Horseshoe,Rock,2
382,6700002P0000000,"TUNNEL #2",Nebraska,Other,41.8329,-103.71,1938,1990,2,75,8,199,0,0,0,"Minor Collector",194,0,1,Horseshoe,Rock,2
383,6700003P0000000,"TUNNEL #3",Nebraska,Other,41.8355,-103.708,1938,1990,2,75,8,199,0,0,0,"Minor Collector",166,0,1,Horseshoe,Rock,3
